{
	"name": "mp-objects",
	"author" : "Isabel Kaspriskie",
	"description" : "Pure Data objects by Miller Puckette for Max",
	"homepatcher" : "",
	"max_version_min" : "8.0", "max_version_max" : "none",
	"name" : "@C74_PACKAGE_NAME@",
	"os" : {
		"macintosh" : {
			"platform" : [ "x64", "arm64" ],
			"min_version" : "none"
		},
		"windows" : {
			"platform" : [ "x64" ],
			"min_version" : "none"
		}
	},
	"package_extra" : {
		"reverse_domain" : "com.isabelgk",
		"copyright" : "Copyright (c) 2021 Isabel Kaspriskie"
	},
	"tags" : ["pitch-detection", "transient-detection"],
	"version" : "1.0.0",
	"website" : "http://www.github.com/"
}
